{
    "mean_log_views": 13.715859110311417,
    "std_log_views": 1.892335423071461
}